{
"BOT_100":
[
[0, 0, 1000000000, 1f, 0f, 0f, 0f, 0f, 0f, 1, 5, 0.5, 1, 2, 4, 1000000],
[1, 0, 5, 0.1f, 0f, 0.6f, 0.2f, 0.1f, 0f, 5, 10, 0.5, 1, 2, 4, 1000000],
[1, 5, 20, 0.15f, 0.05f, 0.5f, 0.2f, 0.1f, 0f, 10, 50, 0.5, 1, 2, 4, 1000000],
[1, 20, 100, 0.0999999999999999f, 0.15f, 0.55f, 0.15f, 0.05f, 0f, 50, 150, 0.5, 1, 2, 4, 1000000],
[1, 100, 200, 0.08f, 0.25f, 0.5f, 0.14f, 0.03f, 0f, 100, 200, 0.5, 1, 2, 4, 1000000],
[1, 200, 500, 0.1f, 0.35f, 0.4f, 0.13f, 0.02f, 0f, 200, 500, 0.5, 1, 2, 4, 1000000],
[1, 500, 1000000000, 0.12f, 0.5f, 0.25f, 0.12f, 0.01f, 0f, 500, 1000, 0.5, 1, 2, 4, 1000000],
[2, 0, 5, 0.1f, 0f, 0.4f, 0.3f, 0.2f, 0f, 5, 10, 0.5, 1, 2, 4, 1000000],
[2, 5, 20, 0.1f, 0f, 0.4f, 0.3f, 0.2f, 0f, 10, 50, 0.5, 1, 2, 4, 1000000],
[2, 20, 100, 0.1f, 0.02f, 0.4f, 0.3f, 0.15f, 0.03f, 50, 150, 0.5, 1, 2, 4, 1000000],
[2, 100, 200, 0.0499999999999999f, 0.05f, 0.4f, 0.35f, 0.1f, 0.05f, 150, 350, 0.5, 1, 2, 4, 1000000],
[2, 200, 500, 0.1f, 0.05f, 0.4f, 0.3f, 0.1f, 0.05f, 350, 750, 0.5, 1, 2, 4, 1000000],
[2, 500, 1000000000, 0.05f, 0.05f, 0.35f, 0.25f, 0.1f, 0.2f, 750, 1000, 0.5, 1, 2, 4, 1000000]
],
"BOT_500":
[
[0, 0, 1000000000, 1f, 0f, 0f, 0f, 0f, 0f, 1, 5, 0.5, 1, 2, 4, 1000000],
[1, 0, 5, 0.1f, 0f, 0.6f, 0.2f, 0.1f, 0f, 5, 10, 0.5, 1, 2, 4, 1000000],
[1, 5, 20, 0.15f, 0.05f, 0.5f, 0.2f, 0.1f, 0f, 10, 50, 0.5, 1, 2, 4, 1000000],
[1, 20, 100, 0.0999999999999999f, 0.15f, 0.55f, 0.15f, 0.05f, 0f, 50, 150, 0.5, 1, 2, 4, 1000000],
[1, 100, 200, 0.08f, 0.25f, 0.5f, 0.14f, 0.03f, 0f, 100, 200, 0.5, 1, 2, 4, 1000000],
[1, 200, 500, 0.1f, 0.35f, 0.4f, 0.13f, 0.02f, 0f, 200, 500, 0.5, 1, 2, 4, 1000000],
[1, 500, 1000000000, 0.12f, 0.5f, 0.25f, 0.12f, 0.01f, 0f, 500, 1000, 0.5, 1, 2, 4, 1000000],
[2, 0, 5, 0.1f, 0f, 0.4f, 0.3f, 0.2f, 0f, 5, 10, 0.5, 1, 2, 4, 1000000],
[2, 5, 20, 0.1f, 0f, 0.4f, 0.3f, 0.2f, 0f, 10, 50, 0.5, 1, 2, 4, 1000000],
[2, 20, 100, 0.1f, 0.02f, 0.4f, 0.3f, 0.15f, 0.03f, 50, 150, 0.5, 1, 2, 4, 1000000],
[2, 100, 200, 0.0499999999999999f, 0.05f, 0.4f, 0.35f, 0.1f, 0.05f, 150, 350, 0.5, 1, 2, 4, 1000000],
[2, 200, 500, 0.1f, 0.05f, 0.4f, 0.3f, 0.1f, 0.05f, 350, 750, 0.5, 1, 2, 4, 1000000],
[2, 500, 1000000000, 0.05f, 0.05f, 0.35f, 0.25f, 0.1f, 0.2f, 750, 1000, 0.5, 1, 2, 4, 1000000]
],
"BOT_1K":
[
[0, 0, 1000000000, 1f, 0f, 0f, 0f, 0f, 0f, 1, 5, 0.5, 1, 2, 4, 1000000],
[1, 0, 5, 0.1f, 0f, 0.6f, 0.2f, 0.1f, 0f, 5, 10, 0.5, 1, 2, 4, 1000000],
[1, 5, 20, 0.15f, 0.05f, 0.5f, 0.2f, 0.1f, 0f, 10, 50, 0.5, 1, 2, 4, 1000000],
[1, 20, 100, 0.0999999999999999f, 0.15f, 0.55f, 0.15f, 0.05f, 0f, 50, 150, 0.5, 1, 2, 4, 1000000],
[1, 100, 200, 0.08f, 0.25f, 0.5f, 0.14f, 0.03f, 0f, 100, 200, 0.5, 1, 2, 4, 1000000],
[1, 200, 500, 0.1f, 0.35f, 0.4f, 0.13f, 0.02f, 0f, 200, 500, 0.5, 1, 2, 4, 1000000],
[1, 500, 1000000000, 0.12f, 0.5f, 0.25f, 0.12f, 0.01f, 0f, 500, 1000, 0.5, 1, 2, 4, 1000000],
[2, 0, 5, 0.1f, 0f, 0.4f, 0.3f, 0.2f, 0f, 5, 10, 0.5, 1, 2, 4, 1000000],
[2, 5, 20, 0.1f, 0f, 0.4f, 0.3f, 0.2f, 0f, 10, 50, 0.5, 1, 2, 4, 1000000],
[2, 20, 100, 0.1f, 0.02f, 0.4f, 0.3f, 0.15f, 0.03f, 50, 150, 0.5, 1, 2, 4, 1000000],
[2, 100, 200, 0.0499999999999999f, 0.05f, 0.4f, 0.35f, 0.1f, 0.05f, 150, 350, 0.5, 1, 2, 4, 1000000],
[2, 200, 500, 0.1f, 0.05f, 0.4f, 0.3f, 0.1f, 0.05f, 350, 750, 0.5, 1, 2, 4, 1000000],
[2, 500, 1000000000, 0.05f, 0.05f, 0.35f, 0.25f, 0.1f, 0.2f, 750, 1000, 0.5, 1, 2, 4, 1000000]
],
"BOT_5K":
[
[0, 0, 1000000000, 1f, 0f, 0f, 0f, 0f, 0f, 1, 5, 0.5, 1, 2, 4, 1000000],
[1, 0, 5, 0.1f, 0f, 0.6f, 0.2f, 0.1f, 0f, 5, 10, 0.5, 1, 2, 4, 1000000],
[1, 5, 20, 0.15f, 0.05f, 0.5f, 0.2f, 0.1f, 0f, 10, 50, 0.5, 1, 2, 4, 1000000],
[1, 20, 100, 0.0999999999999999f, 0.15f, 0.55f, 0.15f, 0.05f, 0f, 50, 150, 0.5, 1, 2, 4, 1000000],
[1, 100, 200, 0.08f, 0.25f, 0.5f, 0.14f, 0.03f, 0f, 100, 200, 0.5, 1, 2, 4, 1000000],
[1, 200, 500, 0.1f, 0.35f, 0.4f, 0.13f, 0.02f, 0f, 200, 500, 0.5, 1, 2, 4, 1000000],
[1, 500, 1000000000, 0.12f, 0.5f, 0.25f, 0.12f, 0.01f, 0f, 500, 1000, 0.5, 1, 2, 4, 1000000],
[2, 0, 5, 0.1f, 0f, 0.4f, 0.3f, 0.2f, 0f, 5, 10, 0.5, 1, 2, 4, 1000000],
[2, 5, 20, 0.1f, 0f, 0.4f, 0.3f, 0.2f, 0f, 10, 50, 0.5, 1, 2, 4, 1000000],
[2, 20, 100, 0.1f, 0.02f, 0.4f, 0.3f, 0.15f, 0.03f, 50, 150, 0.5, 1, 2, 4, 1000000],
[2, 100, 200, 0.0499999999999999f, 0.05f, 0.4f, 0.35f, 0.1f, 0.05f, 150, 350, 0.5, 1, 2, 4, 1000000],
[2, 200, 500, 0.1f, 0.05f, 0.4f, 0.3f, 0.1f, 0.05f, 350, 750, 0.5, 1, 2, 4, 1000000],
[2, 500, 1000000000, 0.05f, 0.05f, 0.35f, 0.25f, 0.1f, 0.2f, 750, 1000, 0.5, 1, 2, 4, 1000000]
],
"BOT_10K":
[
[0, 0, 1000000000, 1f, 0f, 0f, 0f, 0f, 0f, 1, 5, 0.5, 1, 2, 4, 1000000],
[1, 0, 5, 0.1f, 0f, 0.6f, 0.2f, 0.1f, 0f, 5, 10, 0.5, 1, 2, 4, 1000000],
[1, 5, 20, 0.15f, 0.05f, 0.5f, 0.2f, 0.1f, 0f, 10, 50, 0.5, 1, 2, 4, 1000000],
[1, 20, 100, 0.0999999999999999f, 0.15f, 0.55f, 0.15f, 0.05f, 0f, 50, 150, 0.5, 1, 2, 4, 1000000],
[1, 100, 200, 0.08f, 0.25f, 0.5f, 0.14f, 0.03f, 0f, 100, 200, 0.5, 1, 2, 4, 1000000],
[1, 200, 500, 0.1f, 0.35f, 0.4f, 0.13f, 0.02f, 0f, 200, 500, 0.5, 1, 2, 4, 1000000],
[1, 500, 1000000000, 0.12f, 0.5f, 0.25f, 0.12f, 0.01f, 0f, 500, 1000, 0.5, 1, 2, 4, 1000000],
[2, 0, 5, 0.1f, 0f, 0.4f, 0.3f, 0.2f, 0f, 5, 10, 0.5, 1, 2, 4, 1000000],
[2, 5, 20, 0.1f, 0f, 0.4f, 0.3f, 0.2f, 0f, 10, 50, 0.5, 1, 2, 4, 1000000],
[2, 20, 100, 0.1f, 0.02f, 0.4f, 0.3f, 0.15f, 0.03f, 50, 150, 0.5, 1, 2, 4, 1000000],
[2, 100, 200, 0.0499999999999999f, 0.05f, 0.4f, 0.35f, 0.1f, 0.05f, 150, 350, 0.5, 1, 2, 4, 1000000],
[2, 200, 500, 0.1f, 0.05f, 0.4f, 0.3f, 0.1f, 0.05f, 350, 750, 0.5, 1, 2, 4, 1000000],
[2, 500, 1000000000, 0.05f, 0.05f, 0.35f, 0.25f, 0.1f, 0.2f, 750, 1000, 0.5, 1, 2, 4, 1000000]
],
"BOT_50K":
[
[0, 0, 1000000000, 1f, 0f, 0f, 0f, 0f, 0f, 1, 5, 0.5, 1, 2, 4, 1000000],
[1, 0, 5, 0.1f, 0f, 0.6f, 0.2f, 0.1f, 0f, 5, 10, 0.5, 1, 2, 4, 1000000],
[1, 5, 20, 0.15f, 0.05f, 0.5f, 0.2f, 0.1f, 0f, 10, 50, 0.5, 1, 2, 4, 1000000],
[1, 20, 100, 0.0999999999999999f, 0.15f, 0.55f, 0.15f, 0.05f, 0f, 50, 150, 0.5, 1, 2, 4, 1000000],
[1, 100, 200, 0.08f, 0.25f, 0.5f, 0.14f, 0.03f, 0f, 100, 200, 0.5, 1, 2, 4, 1000000],
[1, 200, 500, 0.1f, 0.35f, 0.4f, 0.13f, 0.02f, 0f, 200, 500, 0.5, 1, 2, 4, 1000000],
[1, 500, 1000000000, 0.12f, 0.5f, 0.25f, 0.12f, 0.01f, 0f, 500, 1000, 0.5, 1, 2, 4, 1000000],
[2, 0, 5, 0.1f, 0f, 0.4f, 0.3f, 0.2f, 0f, 5, 10, 0.5, 1, 2, 4, 1000000],
[2, 5, 20, 0.1f, 0f, 0.4f, 0.3f, 0.2f, 0f, 10, 50, 0.5, 1, 2, 4, 1000000],
[2, 20, 100, 0.1f, 0.02f, 0.4f, 0.3f, 0.15f, 0.03f, 50, 150, 0.5, 1, 2, 4, 1000000],
[2, 100, 200, 0.0499999999999999f, 0.05f, 0.4f, 0.35f, 0.1f, 0.05f, 150, 350, 0.5, 1, 2, 4, 1000000],
[2, 200, 500, 0.1f, 0.05f, 0.4f, 0.3f, 0.1f, 0.05f, 350, 750, 0.5, 1, 2, 4, 1000000],
[2, 500, 1000000000, 0.05f, 0.05f, 0.35f, 0.25f, 0.1f, 0.2f, 750, 1000, 0.5, 1, 2, 4, 1000000]
],
"BOT_100K":
[
[0, 0, 1000000000, 1f, 0f, 0f, 0f, 0f, 0f, 1, 5, 0.5, 1, 2, 4, 1000000],
[1, 0, 5, 0.1f, 0f, 0.6f, 0.2f, 0.1f, 0f, 5, 10, 0.5, 1, 2, 4, 1000000],
[1, 5, 20, 0.15f, 0.05f, 0.5f, 0.2f, 0.1f, 0f, 10, 50, 0.5, 1, 2, 4, 1000000],
[1, 20, 100, 0.0999999999999999f, 0.15f, 0.55f, 0.15f, 0.05f, 0f, 50, 150, 0.5, 1, 2, 4, 1000000],
[1, 100, 200, 0.08f, 0.25f, 0.5f, 0.14f, 0.03f, 0f, 100, 200, 0.5, 1, 2, 4, 1000000],
[1, 200, 500, 0.1f, 0.35f, 0.4f, 0.13f, 0.02f, 0f, 200, 500, 0.5, 1, 2, 4, 1000000],
[1, 500, 1000000000, 0.12f, 0.5f, 0.25f, 0.12f, 0.01f, 0f, 500, 1000, 0.5, 1, 2, 4, 1000000],
[2, 0, 5, 0.1f, 0f, 0.4f, 0.3f, 0.2f, 0f, 5, 10, 0.5, 1, 2, 4, 1000000],
[2, 5, 20, 0.1f, 0f, 0.4f, 0.3f, 0.2f, 0f, 10, 50, 0.5, 1, 2, 4, 1000000],
[2, 20, 100, 0.1f, 0.02f, 0.4f, 0.3f, 0.15f, 0.03f, 50, 150, 0.5, 1, 2, 4, 1000000],
[2, 100, 200, 0.0499999999999999f, 0.05f, 0.4f, 0.35f, 0.1f, 0.05f, 150, 350, 0.5, 1, 2, 4, 1000000],
[2, 200, 500, 0.1f, 0.05f, 0.4f, 0.3f, 0.1f, 0.05f, 350, 750, 0.5, 1, 2, 4, 1000000],
[2, 500, 1000000000, 0.05f, 0.05f, 0.35f, 0.25f, 0.1f, 0.2f, 750, 1000, 0.5, 1, 2, 4, 1000000]
],